Date,Open,High,Low,Close,Volume
2007-09-30,0.8832,0.8832,0.8832,0.8832,0
2007-10-07,0.8823,0.8823,0.8822,0.8822,0
2007-10-14,0.8799,0.8799,0.8799,0.8799,0
2007-10-21,0.8598,0.8599,0.8594,0.8594,0
2007-10-28,0.862,0.8865,0.8606,0.8861,0
2007-11-04,0.8862,0.8899,0.8562,0.8614,0
2007-11-11,0.8617,0.8697,0.8441,0.8487,0
2007-11-18,0.8489,0.8765,0.8432,0.8696,0
2007-11-25,0.8695,0.8784,0.8544,0.8702,0
2007-12-02,0.8703,0.8886,0.8589,0.8803,0
2007-12-09,0.8804,0.8886,0.8753,0.8828,0
2007-12-16,0.8827,0.8992,0.8738,0.876,0
2007-12-23,0.8761,0.8775,0.8556,0.8624,0
2007-12-30,0.8625,0.8646,0.8543,0.8624,0
2008-01-06,0.8625,0.8807,0.8602,0.875,0
2008-01-13,0.8751,0.9141,0.8713,0.9132,0
2008-01-20,0.9131,0.9186,0.895,0.9013,0
2008-01-27,0.9015,0.9016,0.8812,0.8875,0
2008-02-03,0.8876,0.904,0.8789,0.8995,0
2008-02-10,0.8996,0.9088,0.8894,0.9013,0
2008-02-17,0.9014,0.9208,0.8922,0.9202,0
2008-02-24,0.9201,0.9376,0.9171,0.9348,0
2008-03-02,0.9347,0.9374,0.9131,0.9207,0
2008-03-09,0.9206,0.9322,0.911,0.9199,0
2008-03-16,0.9201,0.9385,0.9103,0.9179,0
2008-03-23,0.918,0.9333,0.9107,0.9253,0
2008-03-30,0.9254,0.9443,0.9208,0.9376,0
2008-04-06,0.9377,0.9407,0.9158,0.9267,0
2008-04-13,0.9268,0.9533,0.9249,0.9468,0
2008-04-20,0.9467,0.95,0.9341,0.9426,0
2008-04-27,0.9427,0.9701,0.9417,0.945,0
2008-05-04,0.9449,0.9566,0.9414,0.9553,0
2008-05-11,0.9552,0.9617,0.9441,0.946,0
2008-05-18,0.9459,0.9573,0.9299,0.9535,0
2008-05-25,0.9534,0.9549,0.9408,0.9492,0
2008-06-01,0.9491,1.0442,0.9406,1.0437,0
2008-06-08,1.0438,1.0525,0.9778,0.978,0
2008-06-15,0.9779,0.9842,0.9531,0.9669,0
2008-06-22,0.967,0.9739,0.9576,0.9697,0
2008-06-29,0.9698,0.975,0.9649,0.9717,0
2008-07-06,0.9718,0.9836,0.969,0.9805,0
2008-07-13,0.9806,0.982,0.9639,0.9778,0
2008-07-20,0.9777,0.9848,0.973,0.9812,0
2008-07-27,0.9813,0.9829,0.9665,0.973,0
2008-08-03,0.9731,0.9819,0.9535,0.9585,0
2008-08-10,0.9584,0.9661,0.9407,0.9467,0
2008-08-17,0.9466,0.9541,0.9154,0.9243,0
2008-08-24,0.9242,0.9294,0.9049,0.9066,0
2008-08-31,0.9067,0.9152,0.8924,0.9111,0
2008-09-07,0.9112,0.9126,0.8577,0.8779,0
2008-09-14,0.8778,0.8831,0.8502,0.8707,0
2008-09-21,0.8704,0.8798,0.8395,0.8715,0
2008-09-28,0.8716,0.8814,0.8543,0.8601,0
2008-10-05,0.86,0.8612,0.8178,0.8201,0
2008-10-12,0.8203,0.8213,0.7172,0.7812,0
2008-10-19,0.781,0.83,0.773,0.8242,0
2008-10-26,0.8238,0.8496,0.7683,0.7894,0
2008-11-02,0.7893,0.8326,0.7769,0.8154,0
2008-11-09,0.8152,0.8195,0.7838,0.8073,0
2008-11-16,0.807,0.8227,0.7826,0.8008,0
2008-11-23,0.8009,0.8122,0.7848,0.8009,0
2008-11-30,0.8008,0.8157,0.7861,0.8062,0
2008-12-07,0.8061,0.8307,0.7893,0.8268,0
2008-12-14,0.8269,0.8396,0.8105,0.8286,0
2008-12-21,0.8285,0.85,0.8146,0.8282,0
2008-12-28,0.8281,0.8404,0.822,0.8337,0
2009-01-04,0.8336,0.8665,0.8311,0.863,0
2009-01-11,0.8632,0.8691,0.8235,0.8248,0
2009-01-18,0.8249,0.8487,0.8088,0.8445,0
2009-01-25,0.8444,0.8469,0.8042,0.8087,0
2009-02-01,0.8089,0.8227,0.7781,0.7792,0
2009-02-08,0.7793,0.8367,0.773,0.8185,0
2009-02-15,0.8184,0.8355,0.8036,0.8108,0
2009-02-22,0.8109,0.8157,0.7995,0.8083,0
2009-03-01,0.8084,0.8188,0.7987,0.8073,0
2009-03-08,0.8083,0.8358,0.807,0.8233,0
2009-03-15,0.8234,0.839,0.8192,0.8364,0
2009-03-22,0.8363,0.8607,0.8345,0.8597,0
2009-03-29,0.8596,0.8664,0.8526,0.8554,0
2009-04-05,0.8555,0.8942,0.8469,0.8813,0
2009-04-12,0.8813,0.8932,0.8741,0.8868,0
2009-04-19,0.8867,0.8945,0.8657,0.8738,0
2009-04-26,0.8739,0.8824,0.8612,0.8664,0
2009-05-03,0.8663,0.8783,0.8553,0.8687,0
2009-05-10,0.8688,0.8886,0.8663,0.883,0
2009-05-17,0.8829,0.8926,0.8783,0.8816,0
2009-05-24,0.8815,0.8993,0.8735,0.8744,0
2009-05-31,0.8744,0.8812,0.8689,0.8752,0
2009-06-07,0.8753,0.8933,0.8744,0.8905,0
2009-06-14,0.8905,0.9113,0.8754,0.9067,0
2009-06-21,0.9066,0.9164,0.8926,0.9102,0
2009-06-28,0.9102,0.9313,0.9011,0.927,0
2009-07-05,0.9271,0.9392,0.9176,0.9218,0
2009-07-12,0.9218,0.9287,0.9012,0.9046,0
2009-07-19,0.9045,0.906,0.8911,0.8924,0
2009-07-26,0.8924,0.9048,0.8795,0.8897,0
2009-08-02,0.8896,0.9031,0.8864,0.9023,0
2009-08-09,0.9022,0.9109,0.895,0.9076,0
2009-08-16,0.9076,0.9197,0.9031,0.9082,0
2009-08-23,0.9083,0.9139,0.8982,0.9057,0
2009-08-30,0.9058,0.9229,0.8984,0.9181,0
2009-09-06,0.9182,0.9276,0.9096,0.9237,0
2009-09-13,0.9236,0.9344,0.9197,0.9286,0
2009-09-20,0.9285,0.9368,0.9245,0.9259,0
2009-09-27,0.9259,0.949,0.9249,0.9433,0
2009-10-04,0.9432,0.9522,0.9339,0.9376,0
2009-10-11,0.9377,0.9577,0.9366,0.9412,0
2009-10-18,0.9413,0.9546,0.9335,0.9516,0
2009-10-25,0.9516,0.9753,0.9512,0.9722,0
2009-11-01,0.9722,0.9838,0.9656,0.9744,0
2009-11-08,0.9744,0.9915,0.9579,0.9893,0
2009-11-15,0.9892,0.9897,0.9705,0.9792,0
2009-11-22,0.9791,0.983,0.9712,0.978,0
2009-11-29,0.9781,0.981,0.9564,0.9689,0
2009-12-06,0.969,0.9793,0.9603,0.9659,0
2009-12-13,0.966,0.9684,0.9544,0.964,0
2009-12-20,0.9638,0.9719,0.9443,0.9458,0
2009-12-27,0.9459,0.9464,0.9195,0.9287,0
2010-01-03,0.9287,0.9464,0.9236,0.9384,0
2010-01-10,0.9384,0.9573,0.9381,0.9559,0
2010-01-17,0.9559,0.9632,0.9455,0.9482,0
2010-01-24,0.9481,0.9578,0.9447,0.9561,0
2010-01-31,0.9562,0.9608,0.942,0.9443,0
2010-02-07,0.9444,0.9473,0.9227,0.9269,0
2010-02-14,0.9269,0.9415,0.9253,0.9327,0
2010-02-21,0.9327,0.9431,0.9301,0.9353,0
2010-02-28,0.9354,0.9474,0.9327,0.9442,0
2010-03-07,0.9442,0.9469,0.9254,0.9355,0
2010-03-14,0.9356,0.9418,0.929,0.9301,0
2010-03-21,0.93,0.9379,0.9252,0.9289,0
2010-03-28,0.9288,0.9364,0.9259,0.9296,0
2010-04-04,0.9297,0.9386,0.9255,0.9279,0
2010-04-11,0.9279,0.9412,0.9204,0.937,0
2010-04-18,0.9369,0.9401,0.9261,0.9339,0
2010-04-25,0.9338,0.9445,0.9177,0.927,0
2010-05-02,0.927,0.9433,0.9248,0.94,0
2010-05-09,0.9401,0.9431,0.9206,0.929,0
2010-05-16,0.929,0.9312,0.9077,0.9103,0
2010-05-23,0.9103,0.9132,0.8647,0.8773,0
2010-05-30,0.8773,0.8968,0.8719,0.8906,0
2010-06-06,0.8905,0.8924,0.8642,0.8653,0
2010-06-13,0.8653,0.8827,0.8579,0.8821,0
2010-06-20,0.882,0.899,0.8795,0.8965,0
2010-06-27,0.8965,0.9111,0.8938,0.9065,0
2010-07-04,0.9066,0.9072,0.8875,0.8936,0
2010-07-11,0.8935,0.9164,0.8869,0.9031,0
2010-07-18,0.9031,0.9201,0.8985,0.9146,0
2010-07-25,0.9145,0.9314,0.9128,0.9275,0
2010-08-01,0.9275,0.9355,0.9207,0.9333,0
2010-08-08,0.9333,0.9462,0.9244,0.9426,0
2010-08-15,0.9427,0.9461,0.9248,0.9269,0
2010-08-22,0.9268,0.9398,0.9212,0.9341,0
2010-08-29,0.9341,0.9496,0.9328,0.942,0
2010-09-05,0.942,0.962,0.9408,0.9515,0
2010-09-12,0.9516,0.9615,0.9458,0.9609,0
2010-09-19,0.961,0.9736,0.9577,0.9727,0
2010-09-26,0.9727,0.9869,0.9718,0.9819,0
2010-10-03,0.982,1.0022,0.9811,0.9876,0
2010-10-10,0.9875,1.0014,0.9786,0.9969,0
2010-10-17,0.9968,1.0044,0.9888,1.0018,0
2010-10-24,1.0017,1.0145,0.9975,1.0137,0
2010-10-31,1.0138,1.0153,0.9908,1.0047,0
2010-11-07,1.0046,1.0205,0.9989,1.0143,0
2010-11-14,1.0144,1.0178,0.9914,0.9962,0
2010-11-21,0.9962,1.0104,0.9901,1.0067,0
2010-11-28,1.0067,1.0084,0.9801,0.9828,0
2010-12-05,0.9827,0.9972,0.9734,0.9924,0
2010-12-12,0.9925,0.9991,0.9859,0.9941,0
2010-12-19,0.9942,1.0077,0.9877,1.0003,0
2010-12-26,1.0004,1.0195,0.9989,1.011,0
2011-01-02,1.0111,1.0199,1.0084,1.0124,0
2011-01-09,1.0125,1.0141,0.9829,0.9889,0
2011-01-16,0.9889,0.991,0.9702,0.9764,0
2011-01-23,0.9765,0.9993,0.9747,0.9819,0
2011-01-30,0.982,0.9955,0.9814,0.9928,0
2011-02-06,0.9929,1.0093,0.9917,0.9997,0
2011-02-13,0.9998,1.0124,0.9873,0.9893,0
2011-02-20,0.9894,1.0014,0.9832,0.9978,0
2011-02-27,0.9979,0.999,0.9843,0.9936,0
2011-03-06,0.9937,0.9958,0.9792,0.9848,0
2011-03-13,0.9849,0.988,0.9719,0.9811,0
2011-03-20,0.9811,0.9849,0.9631,0.9822,0
2011-03-27,0.9823,1.0074,0.9804,1.0062,0
2011-04-03,1.0062,1.0116,0.9969,0.9996,0
2011-04-10,0.9996,1.0117,0.9938,1.009,0
2011-04-17,1.0091,1.0172,1.0,1.0152,0
2011-04-24,1.0153,1.0265,1.0033,1.0217,0
2011-05-01,1.0218,1.0442,1.0188,1.0368,0
2011-05-08,1.0369,1.044,1.021,1.0348,0
2011-05-15,1.0349,1.0411,1.019,1.022,0
2011-05-22,1.0221,1.0398,1.0219,1.0313,0
2011-05-29,1.0314,1.0491,1.0245,1.0445,0
2011-06-05,1.0446,1.0519,1.0303,1.0506,0
2011-06-12,1.0507,1.0553,1.0288,1.0293,0
2011-06-19,1.0295,1.0421,1.0287,1.0382,0
2011-06-26,1.0382,1.0387,1.0232,1.0324,0
2011-07-03,1.0325,1.0397,1.0282,1.0296,0
2011-07-10,1.0297,1.0382,1.0254,1.0322,0
2011-07-17,1.0323,1.035,1.0125,1.0145,0
2011-07-24,1.0145,1.0332,1.0123,1.0296,0
2011-07-31,1.0297,1.0533,1.0246,1.0513,0
2011-08-07,1.0512,1.0532,1.0163,1.0166,0
2011-08-14,1.0167,1.0305,0.9913,1.0273,0
2011-08-21,1.0272,1.0377,1.0226,1.0282,0
2011-08-28,1.0283,1.0428,1.0269,1.0402,0
2011-09-04,1.0403,1.0502,1.0352,1.0458,0
2011-09-11,1.0458,1.0513,1.0347,1.0364,0
2011-09-18,1.0364,1.0366,1.0066,1.0075,0
2011-09-25,1.0074,1.0237,0.9983,1.0057,0
2011-10-02,1.0058,1.0176,0.9979,1.0098,0
2011-10-09,1.0097,1.0189,0.9936,1.0152,0
2011-10-16,1.0151,1.0462,1.0145,1.0398,0
2011-10-23,1.0397,1.0463,1.0365,1.0462,0
2011-10-30,1.0461,1.0662,1.0428,1.053,0
2011-11-06,1.053,1.0596,1.0413,1.0542,0
2011-11-13,1.0541,1.0544,1.0308,1.0444,0
2011-11-20,1.0445,1.0456,1.0236,1.0263,0
2011-11-27,1.0263,1.0274,1.0108,1.024,0
2011-12-04,1.024,1.0522,1.0217,1.03933,0
2011-12-11,1.03932,1.04574,1.03059,1.03786,0
2011-12-18,1.0379,1.04017,1.02544,1.03087,0
2011-12-25,1.03085,1.04479,1.02595,1.0359,0
2012-01-01,1.0392,1.04453,1.02899,1.04253,0
2012-01-08,1.04143,1.05198,1.03906,1.04823,0
2012-01-15,1.04824,1.05675,1.04429,1.05074,0
2012-01-22,1.05075,1.06602,1.04854,1.06266,0
2012-01-29,1.06275,1.06866,1.05544,1.06219,0
2012-02-05,1.0622,1.07332,1.0589,1.06657,0
2012-02-12,1.06658,1.07819,1.06571,1.07282,0
2012-02-19,1.0728,1.07499,1.06446,1.06927,0
2012-02-26,1.06929,1.0719,1.0596,1.06927,0
2012-03-04,1.0693,1.07638,1.05969,1.06048,0
2012-03-11,1.06044,1.06313,1.0443,1.04519,0
2012-03-18,1.04517,1.05199,1.03351,1.05059,0
2012-03-25,1.05062,1.05183,1.03093,1.0433,0
2012-04-01,1.04331,1.04835,1.03103,1.03594,0
2012-04-08,1.03595,1.03799,1.01823,1.02458,0
2012-04-15,1.02457,1.04068,1.02398,1.03131,0
2012-04-22,1.03128,1.03764,1.02446,1.02816,0
2012-04-29,1.02817,1.0283,1.01542,1.02474,0
2012-05-06,1.02471,1.03002,1.00854,1.01092,0
2012-05-13,1.01091,1.01585,1.00001,1.0018,0
2012-05-20,1.00177,1.01104,0.99815,1.00415,0
2012-05-27,1.00422,1.01066,0.99536,1.01029,0
2012-06-03,1.01026,1.01139,0.99714,1.00635,0
2012-06-10,1.00636,1.02481,1.00596,1.01882,0
2012-06-17,1.01884,1.03374,1.01631,1.03221,0
2012-06-24,1.03223,1.04005,1.02836,1.02972,0
2012-07-01,1.02968,1.04531,1.02768,1.04148,0
2012-07-08,1.04145,1.04467,1.03797,1.03818,0
2012-07-15,1.03816,1.0466,1.0319,1.03678,0
2012-07-22,1.03681,1.0516,1.03588,1.04719,0
2012-07-29,1.04715,1.05283,1.04107,1.05063,0
2012-08-05,1.05061,1.05917,1.04943,1.05722,0
2012-08-12,1.05725,1.05971,1.04349,1.04653,0
2012-08-19,1.04657,1.04727,1.02918,1.03238,0
2012-08-26,1.03233,1.04318,1.02906,1.02941,0
2012-09-02,1.0294,1.02994,1.01061,1.01102,0
2012-09-09,1.01097,1.01803,1.00523,1.01368,0
2012-09-16,1.01363,1.02709,1.00764,1.02115,0
2012-09-23,1.02116,1.02474,1.01547,1.02023,0
2012-09-30,1.02021,1.02661,1.01507,1.01785,0
2012-10-07,1.01788,1.01989,0.99239,0.99337,0
2012-10-14,0.99342,1.00889,0.99314,1.00188,0
2012-10-21,1.00182,1.02679,0.99998,1.02384,0
2012-10-28,1.0239,1.03519,1.01596,1.03435,0
2012-11-04,1.03432,1.03881,1.02828,1.03049,0
2012-11-11,1.03052,1.04268,1.03003,1.04046,0
2012-11-18,1.04051,1.04681,1.03249,1.0371,0
2012-11-25,1.03707,1.0391,1.03108,1.03723,0
2012-12-02,1.03722,1.04092,1.03205,1.0332,0
2012-12-09,1.03327,1.04268,1.03228,1.03412,0
2012-12-16,1.03419,1.04265,1.03247,1.03909,0
2012-12-23,1.0391,1.0411,1.03219,1.03298,0
2012-12-30,1.03297,1.03528,1.02666,1.03303,0
2013-01-06,1.03305,1.03714,1.02841,1.03426,0
2013-01-13,1.03427,1.04395,1.03252,1.03855,0
2013-01-20,1.03854,1.04326,1.03585,1.04222,0
2013-01-27,1.04216,1.05453,1.04187,1.05015,0
2013-02-03,1.05016,1.05175,1.03426,1.03995,0
2013-02-10,1.03996,1.04348,1.02383,1.0347,0
2013-02-17,1.03466,1.03972,1.02963,1.03641,0
2013-02-24,1.03642,1.05739,1.03598,1.05222,0
2013-03-03,1.05221,1.05773,1.04243,1.043,0
2013-03-10,1.04298,1.06085,1.04232,1.05041,0
2013-03-17,1.05038,1.06658,1.04976,1.06054,0
2013-03-24,1.06055,1.07154,1.05969,1.06815,0
2013-03-31,1.06813,1.07043,1.05641,1.05778,0
2013-04-07,1.05773,1.06464,1.05225,1.05449,0
2013-04-14,1.05445,1.07133,1.05405,1.06138,0
2013-04-21,1.06147,1.06443,1.05318,1.0557,0
2013-04-28,1.05563,1.05633,1.04405,1.04732,0
2013-05-05,1.04735,1.04985,1.03041,1.0359,0
2013-05-12,1.03587,1.03638,1.0075,1.00961,0
2013-05-19,1.00963,1.01288,0.99507,1.00601,0
2013-05-26,1.00602,1.0087,0.99299,0.99461,0
2013-06-02,0.9947,1.00252,0.98838,0.99746,0
2013-06-09,0.99753,1.00628,0.95987,0.96026,0
2013-06-16,0.96029,0.98175,0.95445,0.97676,0
2013-06-23,0.97678,0.9784,0.94807,0.96681,0
2013-06-30,0.96675,0.97825,0.95888,0.96483,0
2013-07-07,0.96485,0.97124,0.95072,0.95769,0
2013-07-14,0.95772,0.96932,0.93507,0.94418,0
2013-07-21,0.9442,0.96467,0.94204,0.95416,0
2013-07-28,0.95415,0.95939,0.94162,0.95185,0
2013-08-04,0.95181,0.95229,0.91702,0.92186,0
2013-08-11,0.92184,0.94856,0.92179,0.94615,0
2013-08-18,0.94618,0.95332,0.93753,0.95163,0
2013-08-25,0.95164,0.95251,0.9352,0.94921,0
2013-09-01,0.94924,0.95249,0.9328,0.94293,0
2013-09-08,0.94298,0.96398,0.94287,0.95662,0
2013-09-15,0.95663,0.968,0.95252,0.9612,0
2013-09-22,0.96119,0.97373,0.95933,0.96956,0
2013-09-29,0.96957,0.97236,0.95712,0.95918,0
2013-10-06,0.95919,0.9761,0.95835,0.97038,0
2013-10-13,0.9704,0.98558,0.96916,0.98053,0
2013-10-20,0.98052,0.99606,0.97855,0.99422,0
2013-10-27,0.99427,1.00344,0.99145,1.00225,0
2013-11-03,1.00228,1.00457,0.98269,0.98754,0
2013-11-10,0.98756,0.99647,0.98128,0.98236,0
2013-11-17,0.98239,0.98322,0.97255,0.98018,0
2013-11-24,0.98017,0.98754,0.96349,0.96544,0
2013-12-01,0.96547,0.9728,0.95834,0.97177,0
2013-12-08,0.97179,0.97447,0.95799,0.96903,0
2013-12-15,0.96902,0.97245,0.94434,0.94723,0
2013-12-22,0.94725,0.95423,0.94204,0.95118,0
2013-12-29,0.95116,0.95181,0.94284,0.94922,0
2014-01-05,0.94923,0.95722,0.94094,0.95034,0
2014-01-12,0.95032,0.98465,0.94998,0.98413,0
2014-01-19,0.9841,0.98982,0.95907,0.96147,0
2014-01-26,0.96146,0.98357,0.95891,0.96417,0
2014-02-02,0.9642,0.98454,0.96325,0.97283,0
2014-02-09,0.97284,0.99655,0.96936,0.98503,0
2014-02-16,0.98504,1.00065,0.98275,0.9928,0
2014-02-23,0.99282,1.00572,0.98456,0.99641,0
2014-03-02,0.99647,1.00151,0.98238,0.98528,0
2014-03-09,0.98522,1.01033,0.98521,1.00489,0
2014-03-16,1.00486,1.00841,0.99191,1.00182,0
2014-03-23,1.00181,1.02217,1.00152,1.01958,0
2014-03-30,1.01962,1.03139,1.01796,1.02095,0
2014-04-06,1.02099,1.02811,1.01493,1.01783,0
2014-04-13,1.01788,1.03308,1.01497,1.03229,0
2014-04-20,1.03227,1.03475,1.02536,1.02768,0
2014-04-27,1.02767,1.03416,1.02004,1.02382,0
2014-05-04,1.02377,1.02649,1.01154,1.01566,0
2014-05-11,1.01568,1.02216,1.01209,1.01976,0
2014-05-18,1.01974,1.02619,1.01491,1.0167,0
2014-05-25,1.01671,1.01776,1.00245,1.00337,0
2014-06-01,1.00338,1.01145,1.00073,1.00963,0
2014-06-08,1.00767,1.02288,1.00591,1.02217,0
2014-06-15,1.02216,1.02406,1.01679,1.02026,0
2014-06-22,1.02025,1.0212,1.00804,1.01215,0
2014-06-29,1.01218,1.01364,1.00357,1.00517,0
2014-07-06,1.00514,1.01159,0.99351,0.99769,0
2014-07-13,0.99766,1.00934,0.99549,1.00889,0
2014-07-20,1.0089,1.01012,1.00392,1.00822,0
2014-07-27,1.00823,1.01731,1.00529,1.01522,0
2014-08-03,1.01517,1.01904,1.01145,1.018,0
2014-08-10,1.01799,1.02324,1.01025,1.01835,0
2014-08-17,1.01834,1.01884,1.01075,1.0138,0
2014-08-24,1.01381,1.02204,1.01325,1.02006,0
2014-08-31,1.02009,1.02235,1.01045,1.0153,0
2014-09-07,1.01531,1.02328,1.01147,1.02034,0
2014-09-14,1.0203,1.02096,0.99836,0.99935,0
2014-09-21,0.99937,1.0009,0.97644,0.97717,0
2014-09-28,0.97713,0.98572,0.9715,0.97228,0
2014-10-05,0.97233,0.98334,0.97038,0.97764,0
2014-10-12,0.97762,0.98605,0.96836,0.97763,0
2014-10-19,0.97763,0.99582,0.97578,0.98859,0
2014-10-26,0.98859,0.99468,0.97906,0.98882,0
2014-11-02,0.98885,0.99547,0.9809,0.98589,0
2014-11-09,0.98592,0.99871,0.97531,0.98156,0
2014-11-16,0.98156,0.99289,0.9772,0.99135,0
2014-11-23,0.99135,0.99148,0.9729,0.97526,0
2014-11-30,0.97525,0.97554,0.9567,0.96585,0
2014-12-07,0.96585,0.9694,0.94689,0.94697,0
2014-12-14,0.94698,0.95984,0.94407,0.95208,0
2014-12-21,0.95206,0.96425,0.94379,0.94635,0
2014-12-28,0.94636,0.94821,0.93966,0.9456,0
2015-01-04,0.94558,0.9577,0.94509,0.95209,0
2015-01-11,0.95206,0.97748,0.94901,0.97648,0
2015-01-18,0.97651,0.98888,0.96776,0.98341,0
2015-01-25,0.98339,1.00846,0.97744,0.98139,0
2015-02-01,0.98141,0.99645,0.97505,0.98944,0
2015-02-08,0.98948,0.99653,0.9589,0.97098,0
2015-02-15,0.97098,0.98045,0.95925,0.96816,0
2015-02-22,0.96811,0.98464,0.9654,0.98359,0
2015-03-01,0.98359,0.98585,0.97057,0.97133,0
2015-03-08,0.97134,0.98291,0.96839,0.97043,0
2015-03-15,0.97047,0.97972,0.96275,0.97869,0
2015-03-22,0.97868,0.98183,0.96983,0.98153,0
2015-03-29,0.98153,0.9882,0.97135,0.97505,0
2015-04-05,0.97505,0.97677,0.9496,0.9513,0
2015-04-12,0.95127,0.97145,0.94555,0.95822,0
2015-04-19,0.95821,0.9599,0.9417,0.95226,0
2015-04-26,0.95227,0.95445,0.941,0.95046,0
2015-05-03,0.95045,0.96684,0.9476,0.95345,0
2015-05-10,0.95345,0.96384,0.9438,0.95608,0
2015-05-17,0.95608,0.97473,0.95411,0.9653,0
2015-05-24,0.96528,0.97322,0.95951,0.96172,0
2015-05-31,0.96172,0.96606,0.94969,0.95275,0
2015-06-07,0.95278,0.9717,0.94635,0.94912,0
2015-06-14,0.94909,0.95712,0.9428,0.95176,0
2015-06-21,0.95174,0.95937,0.94309,0.95367,0
2015-06-28,0.95365,0.95963,0.93639,0.94399,0
2015-07-05,0.94402,0.96638,0.94054,0.94375,0
2015-07-12,0.94375,0.95158,0.94044,0.9445,0
2015-07-19,0.94448,0.96201,0.94222,0.95349,0
2015-07-26,0.95347,0.96366,0.94744,0.94998,0
2015-08-02,0.94996,0.95921,0.94108,0.95765,0
2015-08-09,0.95769,0.97484,0.95419,0.9721,0
2015-08-16,0.9721,0.97267,0.94925,0.96685,0
2015-08-23,0.96691,0.96785,0.9544,0.95604,0
2015-08-30,0.95607,0.96211,0.93545,0.94564,0
2015-09-06,0.94563,0.94729,0.91498,0.91936,0
2015-09-13,0.91937,0.9438,0.9172,0.93868,0
2015-09-20,0.93868,0.95193,0.9354,0.94756,0
2015-09-27,0.94759,0.94833,0.92601,0.93659,0
2015-10-04,0.93654,0.94358,0.92594,0.92785,0
2015-10-11,0.92785,0.95088,0.92514,0.94784,0
2015-10-18,0.94784,0.9583,0.93582,0.93995,0
2015-10-25,0.93994,0.95546,0.93849,0.95456,0
2015-11-01,0.95457,0.95777,0.92964,0.93338,0
2015-11-08,0.93336,0.9444,0.9311,0.9377,0
2015-11-15,0.93771,0.95058,0.93127,0.94742,0
2015-11-22,0.94741,0.96656,0.94344,0.96133,0
2015-11-29,0.96132,0.96794,0.95843,0.96185,0
2015-12-06,0.96183,0.98452,0.96146,0.98219,0
2015-12-13,0.98221,0.99406,0.97468,0.98799,0
2015-12-20,0.988,1.00147,0.98375,0.99768,0
2015-12-27,0.99771,1.01087,0.99615,1.00612,0
2016-01-03,1.0061,1.01695,1.00219,1.00378,0
2016-01-10,1.00376,1.00652,0.98226,0.98795,0
2016-01-17,0.98793,1.00728,0.98612,1.00269,0
2016-01-24,1.00267,1.00862,0.98793,0.9924,0
2016-01-31,0.99242,0.9989,0.98469,0.99017,0
2016-02-07,0.99013,0.9952,0.97861,0.98383,0
2016-02-14,0.98385,0.99301,0.97112,0.98815,0
2016-02-21,0.98815,0.99164,0.97633,0.98536,0
2016-02-28,0.98533,0.99652,0.96186,0.96566,0
2016-03-06,0.96564,0.9951,0.95976,0.98946,0
2016-03-13,0.98951,1.00535,0.98695,1.00276,0
2016-03-20,1.00279,1.00326,0.98643,0.99015,0
2016-03-27,0.99013,0.99919,0.98947,0.99596,0
2016-04-03,0.99598,1.00253,0.98902,0.99513,0
2016-04-10,0.99511,0.99762,0.97898,0.98151,0
2016-04-17,0.98153,0.99536,0.97524,0.99366,0
2016-04-24,0.99368,0.99625,0.97372,0.97701,0
2016-05-01,0.97704,0.98096,0.95228,0.95367,0
2016-05-08,0.95369,0.9655,0.94532,0.95305,0
2016-05-15,0.95303,0.95429,0.9361,0.94245,0
2016-05-22,0.94243,0.95045,0.93883,0.95011,0
2016-05-29,0.95012,0.95116,0.93217,0.93735,0
2016-06-05,0.93734,0.9541,0.93647,0.9506,0
2016-06-12,0.95061,0.95455,0.93897,0.94548,0
2016-06-19,0.94549,0.95871,0.94203,0.95577,0
2016-06-26,0.95574,0.97501,0.94982,0.96831,0
2016-07-03,0.9682,0.96908,0.95734,0.96563,0
2016-07-10,0.96563,0.98896,0.96465,0.98617,0
2016-07-17,0.98619,0.997,0.97876,0.9832,0
2016-07-24,0.98322,0.9866,0.97298,0.98161,0
2016-07-31,0.98159,0.9971,0.98119,0.99132,0
2016-08-07,0.99132,1.00619,0.98299,1.00171,0
2016-08-14,1.00173,1.01107,0.99045,0.99164,0
2016-08-21,0.99166,0.99534,0.9761,0.98021,0
2016-08-28,0.98022,0.9889,0.9798,0.98132,0
2016-09-04,0.98129,0.99173,0.98103,0.98467,0
2016-09-11,0.98463,0.99491,0.97912,0.98415,0
2016-09-18,0.98414,0.99249,0.98094,0.99162,0
2016-09-25,0.99163,1.00388,0.99085,1.00327,0
2016-10-02,1.00324,1.01573,1.00044,1.00343,0
2016-10-09,1.00343,1.01032,0.99809,1.00639,0
2016-10-16,1.00639,1.0078,0.99573,1.00012,0
2016-10-23,1.00011,1.01646,0.9993,1.01586,0
2016-10-30,1.01582,1.02851,1.00974,1.01992,0
2016-11-06,1.01992,1.03228,1.01724,1.02704,0
2016-11-13,1.02707,1.03973,1.018,1.023,0
2016-11-20,1.02302,1.02584,0.98603,0.98702,0
2016-11-27,0.98699,1.00793,0.98636,1.00701,0
2016-12-04,1.007,1.00944,0.98512,0.99298,0
2016-12-11,0.99298,0.99337,0.97588,0.97803,0
2016-12-18,0.97805,0.98853,0.97023,0.97264,0
2016-12-25,0.97266,0.9751,0.96786,0.97113,0
2017-01-01,0.97112,0.97941,0.96737,0.96832,0
2017-01-08,0.96829,0.97567,0.95976,0.96864,0
2017-01-15,0.9686,0.98646,0.96808,0.98243,0
2017-01-22,0.98243,1.00909,0.98029,1.00546,0
2017-01-29,1.00548,1.01015,0.98499,0.99149,0
2017-02-05,0.99146,1.00157,0.9858,0.99783,0
2017-02-12,0.99783,1.00821,0.99649,1.0035,0
2017-02-19,1.00347,1.00986,0.9979,1.00443,0
2017-02-26,1.0044,1.0158,1.00279,1.00778,0
2017-03-05,1.00779,1.02537,1.00541,1.01434,0
2017-03-12,1.01434,1.02162,1.01269,1.01797,0
2017-03-19,1.018,1.02941,1.01545,1.02831,0
2017-03-26,1.02833,1.03335,1.0155,1.01667,0
2017-04-02,1.01667,1.02544,1.01324,1.01341,0
2017-04-09,1.01341,1.02049,1.00281,1.00446,0
2017-04-16,1.00444,1.01003,0.99248,1.00904,0
2017-04-23,1.00904,1.02084,1.00567,1.01839,0
2017-04-30,1.01836,1.0267,1.01185,1.02312,0
2017-05-07,1.02311,1.03453,1.00816,1.0099,0
2017-05-14,1.00993,1.01551,1.0012,1.01194,0
2017-05-21,1.01191,1.0164,1.0045,1.00637,0
2017-05-28,1.00638,1.01224,1.00005,1.00135,0
2017-06-04,1.00137,1.00644,0.99475,1.0041,0
2017-06-11,1.00406,1.02108,1.00364,1.01217,0
2017-06-18,1.01217,1.01463,0.99596,1.0073,0
2017-06-25,1.00727,1.00995,0.9964,1.00492,0
2017-07-02,1.00495,1.00852,0.99204,0.99676,0
2017-07-09,0.99676,0.99802,0.97708,0.98052,0
2017-07-16,0.98052,0.99554,0.97354,0.9886,0
2017-07-23,0.98854,1.00566,0.98725,0.99369,0
2017-07-30,0.99367,1.00235,0.98606,0.99469,0
2017-08-06,0.99472,1.00486,0.99314,1.00334,0
2017-08-13,1.00331,1.00736,0.99718,1.0024,0
2017-08-20,1.00237,1.00356,0.99483,0.99774,0
2017-08-27,0.99771,1.00006,0.98697,0.99055,0
2017-09-03,0.99051,1.0003,0.98499,0.98648,0
2017-09-10,0.98645,0.99262,0.97294,0.97734,0
2017-09-17,0.97736,0.97809,0.9693,0.97791,0
2017-09-24,0.97791,0.99083,0.97259,0.98079,0
2017-10-01,0.98085,0.98325,0.9699,0.97711,0
2017-10-08,0.97713,0.98145,0.97157,0.97368,0
2017-10-15,0.97371,0.98709,0.96961,0.98301,0
2017-10-22,0.98303,0.98771,0.97696,0.98741,0
2017-10-29,0.98751,0.9883,0.97528,0.9843,0
2017-11-05,0.98432,0.99165,0.97546,0.97743,0
2017-11-12,0.97745,0.97902,0.96938,0.97154,0
2017-11-19,0.97156,0.97324,0.96119,0.9663,0
2017-11-26,0.96626,0.97123,0.96359,0.96658,0
2017-12-03,0.96657,0.97843,0.96335,0.96595,0
2017-12-10,0.96593,0.96922,0.95788,0.96668,0
2017-12-17,0.96667,0.98579,0.96569,0.9842,0
2017-12-24,0.98423,0.98814,0.97741,0.98086,0
2017-12-31,0.98076,0.98415,0.97775,0.98137,0
2018-01-07,0.97837,0.98504,0.97106,0.97235,0
2018-01-14,0.97236,0.99065,0.97137,0.98906,0
2018-01-21,0.98903,1.00008,0.98583,0.99742,0
2018-01-28,0.99744,1.00098,0.99121,0.99836,0
2018-02-04,0.99839,1.00054,0.98049,0.98421,0
2018-02-11,0.98419,0.99051,0.97824,0.98398,0
2018-02-18,0.984,0.99521,0.98212,0.99317,0
2018-02-25,0.99317,0.9989,0.98682,0.99314,0
2018-03-04,0.99312,1.0012,0.99127,0.99946,0
2018-03-11,0.99946,1.01359,0.99831,1.00713,0
2018-03-18,1.0071,1.02427,1.00706,1.00901,0
2018-03-25,1.00897,1.01003,0.9909,0.99424,0
2018-04-01,0.99424,0.99867,0.98735,0.98984,0
2018-04-08,0.98987,0.99224,0.97822,0.98251,0
2018-04-15,0.98254,0.98281,0.97437,0.98033,0
2018-04-22,0.98033,0.98573,0.9722,0.97924,0
2018-04-29,0.97926,0.97973,0.97072,0.9717,0
2018-05-06,0.97173,0.97212,0.96068,0.96762,0
2018-05-13,0.9676,0.97065,0.9554,0.96592,0
2018-05-20,0.96592,0.96948,0.95876,0.96819,0
2018-05-27,0.96817,0.98384,0.96656,0.98362,0
2018-06-03,0.98366,0.98484,0.97053,0.98449,0
2018-06-10,0.98449,0.99341,0.98144,0.98624,0
2018-06-17,0.98624,0.99109,0.97816,0.98126,0
2018-06-24,0.98126,0.99317,0.97386,0.98679,0
2018-07-01,0.98682,0.98831,0.97095,0.97136,0
2018-07-08,0.97135,0.97692,0.96584,0.97581,0
2018-07-15,0.97582,0.98134,0.96814,0.97614,0
2018-07-22,0.97614,0.97935,0.97036,0.97517,0
2018-07-29,0.97517,0.97876,0.9622,0.96636,0
2018-08-05,0.96632,0.9707,0.95782,0.96092,0
2018-08-12,0.9609,0.97064,0.95223,0.95743,0
2018-08-19,0.95745,0.95855,0.94174,0.95432,0
2018-08-26,0.95432,0.96123,0.94699,0.95382,0
2018-09-02,0.95382,0.95571,0.93619,0.93872,0
2018-09-09,0.93874,0.95172,0.93421,0.93663,0
2018-09-16,0.93664,0.93978,0.92711,0.93276,0
2018-09-23,0.93279,0.94327,0.93208,0.9396,0
2018-09-30,0.9396,0.94898,0.92583,0.92648,0
2018-10-07,0.92648,0.92663,0.91045,0.91543,0
2018-10-14,0.91543,0.92935,0.91497,0.9254,0
2018-10-21,0.92541,0.93653,0.92231,0.93151,0
2018-10-28,0.9315,0.93236,0.91751,0.92998,0
2018-11-04,0.92996,0.94796,0.92582,0.94235,0
2018-11-11,0.94234,0.95684,0.94152,0.95288,0
2018-11-18,0.95287,0.96533,0.94877,0.96188,0
2018-11-25,0.96189,0.96639,0.95231,0.95768,0
2018-12-02,0.95766,0.97747,0.95538,0.97323,0
2018-12-09,0.97325,0.97485,0.95663,0.96019,0
2018-12-16,0.9602,0.96772,0.95724,0.95969,0
2018-12-23,0.95969,0.97024,0.95588,0.95849,0
2018-12-30,0.95849,0.96268,0.95422,0.96193,0
2019-01-06,0.96193,0.96302,0.92657,0.95254,0
2019-01-13,0.95251,0.95726,0.94537,0.95379,0
2019-01-20,0.95379,0.95772,0.9488,0.95065,0
2019-01-27,0.95065,0.95522,0.94471,0.95104,0
2019-02-03,0.95105,0.95794,0.94624,0.94682,0
2019-02-10,0.94682,0.95226,0.93778,0.94291,0
2019-02-17,0.94289,0.94707,0.93823,0.94604,0
2019-02-24,0.94604,0.94873,0.93179,0.93873,0
2019-03-03,0.93873,0.94746,0.93152,0.9419,0
2019-03-10,0.94192,0.94776,0.93882,0.94565,0
2019-03-17,0.94563,0.94898,0.93857,0.94741,0
2019-03-24,0.94741,0.95218,0.94119,0.95045,0
2019-03-31,0.95045,0.95624,0.94647,0.94987,0
2019-04-07,0.94988,0.95492,0.94144,0.94844,0
2019-04-14,0.94844,0.9581,0.94768,0.95594,0
2019-04-21,0.95594,0.96139,0.95342,0.95351,0
2019-04-28,0.95351,0.9546,0.94374,0.94909,0
2019-05-05,0.94909,0.95079,0.93763,0.93989,0
2019-05-12,0.9399,0.9456,0.93699,0.93752,0
2019-05-19,0.93753,0.93787,0.92292,0.92906,0
2019-05-26,0.92907,0.93174,0.92008,0.9306,0
2019-06-02,0.93063,0.93903,0.92907,0.93849,0
2019-06-09,0.9385,0.93954,0.92538,0.92539,0
2019-06-16,0.92539,0.92569,0.91793,0.92233,0
2019-06-23,0.92232,0.92245,0.91047,0.91762,0
2019-06-30,0.91761,0.92033,0.91538,0.91704,0
2019-07-07,0.91704,0.92049,0.91155,0.91304,0
2019-07-14,0.91303,0.9167,0.90721,0.91628,0
2019-07-21,0.91628,0.92424,0.91418,0.91959,0
2019-07-28,0.91959,0.92468,0.90861,0.90917,0
2019-08-04,0.90916,0.91049,0.89179,0.89729,0
2019-08-11,0.89728,0.90509,0.88884,0.89738,0
2019-08-18,0.89738,0.90469,0.89213,0.9003,0
2019-08-25,0.9003,0.90459,0.89052,0.89621,0
2019-09-01,0.89624,0.90131,0.89102,0.89587,0
2019-09-08,0.89588,0.90529,0.89234,0.90241,0
2019-09-15,0.90241,0.91439,0.90039,0.90989,0
2019-09-22,0.90991,0.91258,0.89641,0.89973,0
2019-09-29,0.89973,0.90189,0.89417,0.89446,0
2019-10-06,0.89446,0.90255,0.88346,0.89907,0
2019-10-13,0.89908,0.90366,0.89472,0.89656,0
2019-10-20,0.89656,0.90164,0.88794,0.90109,0
2019-10-27,0.9011,0.90205,0.89023,0.89074,0
2019-11-03,0.89074,0.91189,0.89065,0.90891,0
2019-11-10,0.90893,0.91095,0.9045,0.90664,0
2019-11-17,0.90664,0.9076,0.89743,0.90018,0
2019-11-24,0.90019,0.9069,0.89662,0.90325,0
2019-12-01,0.90325,0.90423,0.8963,0.9001,0
2019-12-08,0.9001,0.9118,0.8979,0.9059,0
2019-12-15,0.90589,0.91367,0.90032,0.90514,0
2019-12-22,0.90514,0.90961,0.89798,0.90841,0
2019-12-29,0.90841,0.91414,0.90816,0.91307,0
2020-01-05,0.91305,0.91499,0.90031,0.90105,0
2020-01-12,0.90108,0.90303,0.8903,0.90194,0
2020-01-19,0.90194,0.90382,0.89747,0.89915,0
2020-01-26,0.89916,0.90487,0.8931,0.89561,0
2020-02-02,0.89563,0.89564,0.88425,0.88662,0
2020-02-09,0.88659,0.8995,0.88574,0.89024,0
2020-02-16,0.89025,0.89533,0.88858,0.89005,0
2020-02-23,0.89005,0.89109,0.87238,0.87668,0
2020-03-01,0.87669,0.88168,0.86399,0.87038,0
2020-03-08,0.87038,0.90147,0.86752,0.89092,0
2020-03-15,0.89091,0.90592,0.84317,0.85572,0
2020-03-22,0.85571,0.86126,0.80672,0.83165,0
2020-03-29,0.83167,0.86882,0.82742,0.86223,0
2020-04-05,0.86225,0.88051,0.84688,0.85326,0
2020-04-12,0.85326,0.88853,0.85144,0.8839,0
2020-04-19,0.8839,0.89681,0.8835,0.89262,0
2020-04-26,0.89261,0.90638,0.88964,0.90524,0
2020-05-03,0.90525,0.91216,0.90072,0.90293,0
2020-05-10,0.90293,0.91237,0.90133,0.91176,0
2020-05-17,0.91176,0.91421,0.90225,0.90668,0
2020-05-24,0.90669,0.91836,0.90511,0.91422,0
2020-05-31,0.91421,0.92415,0.90631,0.92271,0
2020-06-07,0.9227,0.94442,0.91917,0.93586,0
2020-06-14,0.93585,0.94093,0.9281,0.93032,0
2020-06-21,0.93033,0.94268,0.92699,0.93172,0
2020-06-28,0.93174,0.94205,0.93047,0.939,0
2020-07-05,0.93903,0.94333,0.93474,0.94288,0
2020-07-12,0.94288,0.94763,0.93974,0.94595,0
2020-07-19,0.94595,0.95437,0.94321,0.9487,0
2020-07-26,0.94869,0.96397,0.94779,0.95486,0
2020-08-02,0.95485,0.9696,0.95197,0.9566,0
2020-08-09,0.95664,0.96388,0.9505,0.95812,0
2020-08-16,0.95813,0.95877,0.94369,0.95199,0
2020-08-23,0.95199,0.95599,0.94134,0.94404,0
2020-08-30,0.94402,0.96511,0.94314,0.96308,0
2020-09-06,0.96309,0.96427,0.94858,0.95302,0
2020-09-13,0.95303,0.96192,0.95198,0.95838,0
2020-09-20,0.95839,0.96671,0.95727,0.96406,0
2020-09-27,0.96404,0.96544,0.93903,0.94406,0
2020-10-04,0.94405,0.95823,0.94281,0.95323,0
2020-10-11,0.95322,0.95469,0.94448,0.94915,0
2020-10-18,0.94916,0.94956,0.93192,0.93441,0
2020-10-25,0.93442,0.93894,0.92471,0.93599,0
2020-11-01,0.93599,0.94331,0.93364,0.93407,0
2020-11-08,0.93407,0.95147,0.92989,0.94863,0
2020-11-15,0.94861,0.95711,0.9434,0.95568,0
2020-11-22,0.95569,0.95912,0.94985,0.95636,0
2020-11-29,0.95637,0.96174,0.95214,0.9599,0
2020-12-06,0.95594,0.96053,0.94825,0.95013,0
2020-12-13,0.95014,0.96434,0.94563,0.96176,0
2020-12-20,0.96175,0.97507,0.95862,0.97184,0
2020-12-27,0.97183,0.97869,0.96586,0.97716,0
2021-01-03,0.97714,0.98577,0.97273,0.97846,0
2021-01-10,0.97847,0.98999,0.97733,0.98205,0
2021-01-17,0.98205,0.98888,0.97959,0.98203,0
2021-01-24,0.98201,0.98334,0.97726,0.98275,0
2021-01-31,0.98273,0.98549,0.97425,0.97721,0
2021-02-07,0.97726,0.98239,0.97136,0.97927,0
2021-02-14,0.97926,0.98605,0.97771,0.98564,0
2021-02-21,0.98564,0.99485,0.9821,0.99254,0
2021-02-28,0.99254,0.99926,0.97882,0.98417,0
2021-03-07,0.98408,0.98978,0.97026,0.97436,0
2021-03-14,0.97437,0.97965,0.96611,0.96654,0
2021-03-21,0.96656,0.97188,0.96089,0.96578,0
2021-03-28,0.96576,0.97128,0.95238,0.96252,0
2021-04-04,0.96252,0.96427,0.949,0.95806,0
2021-04-11,0.95807,0.96492,0.95308,0.95524,0
2021-04-18,0.95524,0.97289,0.95458,0.96687,0
2021-04-25,0.96687,0.97586,0.96138,0.9683,0
2021-05-02,0.9683,0.9708,0.94554,0.94749,0
